name	count	identityA	identityB	indentityC	indentityBC	interface_identity_AB	interface_identity_BA	interface_identity_AC	interface_identity_CA	interface_identity_BC	noninterface_identity_AB	noninterface_identity_BC	noninterface_identity_AC	noninterface_identity_CA	noninterface_identity_BC	evolved_interaction_AB	evolved_interaction_AB_recalc	evolved_interaction_AC	evolved_interaction_AC_recal	ancestral_interaction_AB	ancestral_interaction_BA	ancestral_interaction_AC	ancestral_interaction_CA	stabilityA	stabilityB	stabilityC
58_A	0	0.993506493506	1.0	1.0	1.0	1.0	1.0	1.0	1.0	1.0	0.992700729927	1.0	0.992700729927	1.0	1.0	-10.9985457662	-10.7848171929	-10.9985457662	-10.9985457662	-10.9284520473	-10.9985457662	-10.9284520473	-10.714723474	-139.37704988	-61.2618750097	-61.2618750097
146_A	10	0.935064935065	1.0	0.986301369863	0.986301369863	1.0	1.0	1.0	1.0	1.0	0.92700729927	0.98	0.92700729927	0.98	0.98	-10.985841858	-10.9157481033	-10.985841858	-10.7020168167	-10.9157481033	-10.9985457662	-10.9858418223	-10.7848171929	-139.490921	-61.2618750097	-62.6852719899
27_A	20	0.902597402597	1.0	0.972602739726	0.972602739726	1.0	1.0	1.0	0.95652173913	0.95652173913	0.890510948905	0.98	0.890510948905	0.98	0.98	-11.0022260516	-11.0023658622	-10.2954100224	-10.2954155833	-11.0023658622	-10.7848171929	-10.9322721433	-10.0297451984	-137.026546574	-61.2618750097	-63.3267955514
225_B	30	0.850649350649	0.972602739726	0.972602739726	0.945205479452	0.941176470588	0.95652173913	0.941176470588	0.95652173913	0.913043478261	0.839416058394	0.96	0.839416058394	0.98	0.96	-11.2822190083	-11.2823576109	-10.5446545212	-10.5446578496	-11.2516081285	-11.0249461949	-11.1815144096	-10.308607252	-135.253231727	-60.4242628434	-63.3267955514
20_A	40	0.824675324675	0.958904109589	0.958904109589	0.931506849315	0.882352941176	0.958333333333	0.882352941176	0.958333333333	0.916666666667	0.817518248175	0.938775510204	0.817518248175	0.959183673469	0.938775510204	-10.013634112	-10.013222152	-9.21098157896	-9.21043731699	-9.98246787856	-10.9548524759	-9.98246787856	-10.2435287217	-141.617918551	-61.4574567702	-61.3058765362
138_A	50	0.792207792208	0.958904109589	0.958904109589	0.931506849315	0.882352941176	0.96	0.882352941176	0.96	0.92	0.78102189781	0.9375	0.78102189781	0.958333333333	0.9375	-10.0726173734	-10.1421564932	-9.40220456616	-9.33638222134	-10.1084110305	-11.0249461949	-10.1084110305	-10.308662202	-137.363293525	-61.4574567702	-61.3058765362
74_A	60	0.733766233766	0.958904109589	0.958904109589	0.931506849315	0.764705882353	0.96	0.764705882353	0.96	0.92	0.729927007299	0.9375	0.729927007299	0.958333333333	0.9375	-10.7598746145	-10.6890201632	-9.86633154088	-9.93071314739	-10.7253684195	-11.0249461949	-10.7253684195	-10.0159683541	-143.528445433	-61.4574567702	-61.3058765362
146_A	70	0.688311688312	0.945205479452	0.958904109589	0.917808219178	0.75	0.92	0.764705882353	0.96	0.88	0.679104477612	0.9375	0.678832116788	0.958333333333	0.9375	-10.4579775144	-10.4572672701	-9.86635669592	-9.86560482215	-10.7253918222	-10.7167427635	-10.6552998556	-10.308662202	-142.326710143	-60.288003592	-61.3058765362
147_A	80	0.662337662338	0.945205479452	0.945205479452	0.904109589041	0.7	0.92	0.705882352941	0.96	0.88	0.65671641791	0.916666666667	0.656934306569	0.9375	0.916666666667	-10.4577693064	-10.4570075793	-9.93128385497	-9.93047861157	-10.6550401648	-10.7167427635	-10.6550401648	-10.308662202	-144.183234951	-60.288003592	-61.5902392635
132_A	90	0.636363636364	0.945205479452	0.931506849315	0.890410958904	0.7	0.92	0.705882352941	0.92	0.84	0.626865671642	0.916666666667	0.627737226277	0.9375	0.916666666667	-10.4577698359	-10.4570080779	-9.24093295791	-9.54382655357	-10.7251343823	-10.7167427635	-10.7251343823	-10.9334806749	-140.133387741	-59.3470785752	-68.3914326077
135_A	100	0.623376623377	0.945205479452	0.904109589041	0.86301369863	0.666666666667	0.92	0.705882352941	0.92	0.84	0.617647058824	0.875	0.613138686131	0.895833333333	0.875	-10.4387713026	-10.43785292	-9.5116047844	-9.57757903579	-10.6887105951	-10.6822989187	-10.758804314	-10.9986141552	-139.432689994	-60.5627784151	-61.4099094695
57_A	110	0.603896103896	0.945205479452	0.876712328767	0.86301369863	0.666666666667	0.92	0.666666666667	0.88	0.84	0.595588235294	0.875	0.595588235294	0.875	0.875	-10.43713407	-10.4362466753	-9.33283441319	-9.33341266164	-10.6871043504	-10.6822989187	-10.7571980693	-10.7546799173	-138.530734626	-60.5627784151	-62.7719352701
120_A	120	0.577922077922	0.945205479452	0.876712328767	0.86301369863	0.705882352941	0.92	0.666666666667	0.88	0.84	0.56204379562	0.875	0.566176470588	0.875	0.875	-10.5669879403	-10.3026585163	-9.36657568083	-9.3671540752	-10.7909394829	-10.7810818392	-10.7909394829	-10.7546799173	-139.359563469	-60.3153743717	-62.7719352701
124_A	130	0.564935064935	0.958904109589	0.86301369863	0.849315068493	0.705882352941	0.92	0.666666666667	0.84	0.8	0.547445255474	0.875	0.551470588235	0.875	0.875	-10.566987264	-10.566134149	-9.35814482398	-9.35870646273	-10.7909394829	-10.7810811963	-10.7208440116	-10.5455847858	-136.856276191	-60.7521252559	-63.1332154491
9_A	140	0.551948051948	0.945205479452	0.86301369863	0.849315068493	0.705882352941	0.92	0.666666666667	0.84	0.8	0.532846715328	0.875	0.536764705882	0.875	0.875	-10.4719107559	-10.2012749216	-9.25439728909	-9.25510278442	-10.6185842705	-10.7810811963	-10.6886779894	-10.5455847858	-137.700298923	-59.4242223379	-59.6966793263
280_C	150	0.519480519481	0.945205479452	0.849315068493	0.835616438356	0.705882352941	0.92	0.666666666667	0.8	0.76	0.496350364964	0.875	0.5	0.875	0.875	-10.4719108235	-10.4712018665	-9.24952035213	-9.25022614885	-10.6185845719	-10.7810811963	-10.6185845719	-10.5441525273	-136.664219775	-59.4242223379	-60.5963071888
98_A	160	0.512987012987	0.945205479452	0.808219178082	0.821917808219	0.705882352941	0.92	0.666666666667	0.76	0.8	0.489051094891	0.833333333333	0.492647058824	0.833333333333	0.833333333333	-10.4713636821	-10.4706547251	-9.24897106062	-9.24967685336	-10.6881311494	-10.7810811963	-10.6881311494	-10.316106207	-135.207339503	-59.4242223379	-61.1232252106
87_A	170	0.493506493506	0.945205479452	0.794520547945	0.808219178082	0.705882352941	0.92	0.666666666667	0.76	0.8	0.467153284672	0.8125	0.470588235294	0.8125	0.8125	-10.4713632977	-10.4706544423	-9.24897074387	-9.24967657058	-10.4183887029	-10.7810811963	-10.6180371477	-10.5441471709	-137.059230799	-59.4242223379	-61.5477603646
124_A	180	0.480519480519	0.945205479452	0.780821917808	0.794520547945	0.705882352941	0.92	0.666666666667	0.76	0.8	0.452554744526	0.791666666667	0.455882352941	0.791666666667	0.791666666667	-10.4713052167	-10.4705623042	-9.24891259528	-9.24958443246	-10.6880387285	-10.7810811963	-10.6880387285	-10.5353741206	-137.755382318	-59.4242223379	-61.9274458299
148_A	190	0.480519480519	0.945205479452	0.780821917808	0.794520547945	0.705882352941	0.92	0.666666666667	0.76	0.8	0.452554744526	0.791666666667	0.455882352941	0.791666666667	0.791666666667	-10.4578587319	-10.4572721383	-9.24389696726	-9.24474187908	-10.6046548437	-10.7810811963	-10.6046548437	-10.5353741206	-137.145526571	-59.4242223379	-61.9274458299
206_B	200	0.474025974026	0.931506849315	0.780821917808	0.808219178082	0.705882352941	0.92	0.705882352941	0.76	0.8	0.445255474453	0.8125	0.445255474453	0.791666666667	0.8125	-10.4578587319	-10.1856297195	-9.73883064972	-9.45412463336	-10.6747485626	-10.5671798408	-10.6747485626	-11.0306143083	-139.497279226	-60.6990696263	-61.0491352972
2_A	210	0.480519480519	0.917808219178	0.780821917808	0.808219178082	0.705882352941	0.88	0.705882352941	0.76	0.8	0.452554744526	0.8125	0.452554744526	0.791666666667	0.8125	-10.7411869028	-10.7420113331	-9.73883064971	-9.73995365693	-10.6046548437	-11.1930834985	-10.6747485626	-11.0306143083	-137.281166378	-60.7654935669	-61.0491352972
9_A	220	0.454545454545	0.917808219178	0.780821917808	0.808219178082	0.647058823529	0.884615384615	0.647058823529	0.769230769231	0.807692307692	0.430656934307	0.808510638298	0.430656934307	0.787234042553	0.808510638298	-10.3499374439	-10.3905313741	-9.16611254332	-9.15956367986	-10.0952275929	-11.1930834985	-10.2238934651	-11.0306143083	-139.917067255	-60.7654935669	-61.0491352972
22_A	230	0.435064935065	0.917808219178	0.780821917808	0.794520547945	0.588235294118	0.884615384615	0.578947368421	0.769230769231	0.769230769231	0.416058394161	0.808510638298	0.414814814815	0.787234042553	0.808510638298	-11.0677452768	-11.0693965687	-8.76586613066	-8.76826527815	-11.0096809033	-11.1930834985	-11.0096809033	-9.70960015619	-141.654006217	-60.7654935669	-60.6562157609
57_A	240	0.435064935065	0.917808219178	0.780821917808	0.794520547945	0.588235294118	0.884615384615	0.588235294118	0.769230769231	0.769230769231	0.416058394161	0.808510638298	0.416058394161	0.787234042553	0.808510638298	-10.7497975429	-10.653928003	-6.31940601805	-6.22369540748	-10.6022727557	-11.1930834985	-10.6238602939	-7.61862127066	-140.104745595	-60.7654935669	-60.708483287
152_A	250	0.435064935065	0.890410958904	0.780821917808	0.808219178082	0.555555555556	0.8	0.529411764706	0.76	0.8	0.419117647059	0.8125	0.423357664234	0.791666666667	0.8125	-9.41138236473	-9.41711841943	-5.48376162781	-5.69501313635	-10.067193028	-10.4443204206	-10.067193028	-7.61862127066	-140.648592821	-60.5066689281	-60.708483287
17_A	260	0.428571428571	0.876712328767	0.780821917808	0.794520547945	0.5	0.8	0.470588235294	0.76	0.8	0.419117647059	0.791666666667	0.423357664234	0.791666666667	0.791666666667	-8.87294589564	-8.66882584852	-5.66277763628	-5.66869549163	-9.88780736404	-10.0663716116	-10.0231980955	-7.61862127066	-137.973169348	-61.4313141204	-60.708483287
145_A	270	0.415584415584	0.876712328767	0.780821917808	0.794520547945	0.5	0.8	0.470588235294	0.76	0.8	0.404411764706	0.791666666667	0.408759124088	0.791666666667	0.791666666667	-8.56185588294	-8.90497471487	-5.68323428877	-5.68945400605	-10.0489044046	-10.0663716116	-10.1189981235	-7.61862127066	-139.494204636	-61.4313141204	-60.708483287
76_A	280	0.409090909091	0.86301369863	0.780821917808	0.794520547945	0.5	0.76	0.470588235294	0.76	0.8	0.397058823529	0.791666666667	0.401459854015	0.791666666667	0.791666666667	-9.02052064369	-8.95395479844	-5.72990351913	-5.77938664832	-10.1649093393	-9.85505504657	-10.2371548754	-7.61862127066	-139.092534894	-60.4332313631	-60.708483287
99_A	290	0.396103896104	0.86301369863	0.780821917808	0.794520547945	0.5	0.76	0.470588235294	0.76	0.8	0.382352941176	0.791666666667	0.386861313869	0.791666666667	0.791666666667	-8.91480550522	-8.99222237639	-5.69624666187	-5.77825879481	-10.1312842482	-10.0694404793	-10.1312842482	-7.61855923294	-140.687439353	-60.4332313631	-62.6692665152
15_A	300	0.37012987013	0.86301369863	0.780821917808	0.794520547945	0.444444444444	0.76	0.411764705882	0.76	0.8	0.360294117647	0.791666666667	0.36496350365	0.791666666667	0.791666666667	-9.15702773745	-9.16070346871	-5.61482597502	-5.61881258192	-9.4680767405	-10.0694404793	-9.4680767405	-7.61855923294	-136.269009503	-60.4332313631	-62.6692665152
25_A	310	0.363636363636	0.86301369863	0.767123287671	0.780821917808	0.444444444444	0.76	0.411764705882	0.76	0.8	0.352941176471	0.770833333333	0.357664233577	0.770833333333	0.770833333333	-8.35245578266	-8.28650776358	-4.66743138967	-4.74655839786	-8.60051897448	-10.0694404793	-8.67061269339	-7.61855923293	-139.003466213	-60.4332313631	-62.0067727243
298_C	320	0.337662337662	0.86301369863	0.767123287671	0.780821917808	0.444444444444	0.76	0.411764705882	0.76	0.8	0.323529411765	0.770833333333	0.328467153285	0.770833333333	0.770833333333	-8.28311060764	-8.28795131145	-4.77278608561	-4.70201722197	-8.67205624126	-10.0694404793	-8.67205624126	-7.61856419273	-138.597552341	-60.4332313631	-62.5034161121
123_A	330	0.344155844156	0.86301369863	0.767123287671	0.780821917808	0.444444444444	0.76	0.411764705882	0.76	0.8	0.330882352941	0.770833333333	0.335766423358	0.770833333333	0.770833333333	-8.28279262394	-8.28763338477	-7.71332275527	-7.79223779468	-8.60164490179	-10.0694404793	-8.74265393861	-10.5367394638	-139.858729546	-60.4332313631	-64.6770072272
109_A	340	0.344155844156	0.86301369863	0.753424657534	0.780821917808	0.444444444444	0.76	0.411764705882	0.76	0.8	0.330882352941	0.770833333333	0.335766423358	0.75	0.770833333333	-8.19402392825	-8.19885314058	-7.62688274943	-7.6314373997	-8.51395546062	-10.0694404793	-8.58404917954	-10.5367394638	-141.186497231	-60.4332313631	-61.0068491205
228_C	350	0.344155844156	0.86301369863	0.739726027397	0.767123287671	0.444444444444	0.76	0.411764705882	0.76	0.8	0.330882352941	0.75	0.335766423358	0.729166666667	0.75	-8.19402392827	-8.1988531406	-7.62688274942	-7.6314373997	-8.51395546063	-10.0694404793	-8.58404917955	-10.5367394638	-138.611738339	-60.4332313631	-61.5059122815
87_A	360	0.350649350649	0.876712328767	0.739726027397	0.767123287671	0.411764705882	0.8	0.411764705882	0.76	0.8	0.343065693431	0.75	0.343065693431	0.729166666667	0.75	-8.19104345116	-8.19585383173	-7.62688274942	-7.6314373997	-8.58404917955	-10.2088899844	-8.51395546063	-10.3205484271	-136.610195838	-62.1379706932	-61.5059122815
1_A	370	0.344155844156	0.86301369863	0.739726027397	0.753424657534	0.411764705882	0.8	0.411764705882	0.76	0.8	0.335766423358	0.729166666667	0.335766423358	0.729166666667	0.729166666667	-8.19104345098	-8.19585383159	-7.62688274942	-7.63143739969	-8.51395546062	-10.2088899844	-8.58404917954	-10.5367394638	-136.348317343	-60.4394790635	-60.328294983
203_B	380	0.337662337662	0.821917808219	0.739726027397	0.739726027397	0.411764705882	0.8	0.411764705882	0.76	0.8	0.328467153285	0.708333333333	0.328467153285	0.729166666667	0.708333333333	-8.19787663653	-8.20279101467	-7.62688274943	-7.6314373997	-8.58404917954	-10.2088330265	-8.58404917954	-10.5367394638	-137.808997647	-61.3809814416	-60.328294983
202_B	390	0.324675324675	0.821917808219	0.739726027397	0.739726027397	0.388888888889	0.769230769231	0.411764705882	0.769230769231	0.769230769231	0.316176470588	0.723404255319	0.313868613139	0.723404255319	0.723404255319	-8.17902980782	-8.18449021309	-7.5600391988	-7.5650141318	-8.5645627521	-10.2057732573	-8.49446903318	-10.5367394638	-140.709436741	-60.7077653512	-60.328294983
227_B	400	0.311688311688	0.821917808219	0.739726027397	0.739726027397	0.421052631579	0.730769230769	0.411764705882	0.769230769231	0.769230769231	0.296296296296	0.723404255319	0.299270072993	0.723404255319	0.723404255319	-7.24066168312	-7.24613646024	-8.16742080601	-8.17239729266	-9.10191236225	-10.0021090937	-9.17200608117	-10.5367394638	-138.008337148	-60.6172641892	-60.328294983
126_A	410	0.298701298701	0.821917808219	0.72602739726	0.72602739726	0.421052631579	0.76	0.411764705882	0.76	0.8	0.281481481481	0.6875	0.284671532847	0.708333333333	0.6875	-8.7398078791	-8.74614770404	-8.17012792133	-8.17615947798	-9.12883142605	-10.0021070736	-9.05873770714	-10.5367394638	-136.896673925	-60.6172641892	-57.919977418
76_A	420	0.305194805195	0.808219178082	0.712328767123	0.739726027397	0.421052631579	0.76	0.411764705882	0.76	0.8	0.288888888889	0.708333333333	0.29197080292	0.6875	0.708333333333	-8.76980235376	-8.77620696637	-8.20386495996	-8.20990074562	-9.1625726937	-10.0021070736	-9.09247897478	-10.3205484271	-136.669982011	-59.7383639439	-59.1510354864
105_A	430	0.311688311688	0.794520547945	0.712328767123	0.739726027397	0.421052631579	0.76	0.411764705882	0.76	0.8	0.296296296296	0.708333333333	0.299270072993	0.6875	0.708333333333	-8.76935321232	-8.77579081067	-8.20446729005	-8.21053337458	-9.16215451795	-10.0021070736	-9.16215451795	-10.5368781934	-141.167617507	-59.7210318169	-58.5848764986
202_B	440	0.305194805195	0.794520547945	0.712328767123	0.739726027397	0.444444444444	0.75	0.411764705882	0.75	0.791666666667	0.286764705882	0.714285714286	0.29197080292	0.69387755102	0.714285714286	-9.5407045588	-9.54501919576	-8.9728727909	-8.97685664943	-9.92710584604	-10.0036227927	-9.92710584604	-10.5368781934	-138.193231434	-61.2156501947	-59.7202573972
139_A	450	0.292207792208	0.794520547945	0.712328767123	0.739726027397	0.444444444444	0.75	0.411764705882	0.75	0.791666666667	0.272058823529	0.714285714286	0.277372262774	0.69387755102	0.714285714286	-9.54015741733	-9.54447205428	-8.9723256495	-8.97630950802	-9.92655870464	-10.0036227927	-9.92655870464	-10.5368781934	-137.903305995	-61.2156501947	-59.7202573972
128_A	460	0.285714285714	0.780821917808	0.712328767123	0.72602739726	0.444444444444	0.75	0.411764705882	0.75	0.791666666667	0.264705882353	0.69387755102	0.270072992701	0.69387755102	0.69387755102	-9.54013351952	-9.54444811949	-8.97230175162	-8.97628557314	-9.85401392706	-10.0036227927	-9.92410764598	-10.5368781934	-140.42766714	-60.2033212415	-59.7202573972
126_A	470	0.285714285714	0.767123287671	0.712328767123	0.739726027397	0.444444444444	0.75	0.411764705882	0.75	0.791666666667	0.264705882353	0.714285714286	0.270072992701	0.69387755102	0.714285714286	-9.54013351952	-9.54444811946	-8.43514295773	-8.97628557314	-9.85401392706	-9.80086906169	-9.92410764598	-10.5368781934	-142.646651393	-59.5968349568	-59.7202573972
64_A	480	0.279220779221	0.767123287671	0.712328767123	0.72602739726	0.444444444444	0.782608695652	0.411764705882	0.782608695652	0.826086956522	0.257352941176	0.68	0.262773722628	0.68	0.68	-7.38608571123	-7.39252889291	-6.81905783329	-6.82520680035	-7.74157225425	-10.0036227927	-7.74157225425	-10.5368781934	-139.711145116	-59.6021084182	-59.7202573972
92_A	490	0.285714285714	0.767123287671	0.698630136986	0.712328767123	0.444444444444	0.791666666667	0.411764705882	0.791666666667	0.833333333333	0.264705882353	0.65306122449	0.270072992701	0.65306122449	0.65306122449	-7.4206487962	-7.42392311648	-6.8522714614	-6.70198519333	-7.70366151924	-10.0036227927	-7.70366151924	-10.5368781934	-139.844970684	-59.6021084182	-60.6993685328
108_A	500	0.292207792208	0.767123287671	0.698630136986	0.712328767123	0.444444444444	0.791666666667	0.411764705882	0.791666666667	0.833333333333	0.272058823529	0.65306122449	0.277372262774	0.65306122449	0.65306122449	-7.61129397388	-7.61443003042	-7.02779591872	-7.03071666155	-7.9491539662	-10.0036227927	-7.9491539662	-10.5368781934	-145.855910381	-59.6021084182	-60.6993685328
228_C	510	0.298701298701	0.767123287671	0.712328767123	0.72602739726	0.411764705882	0.791666666667	0.411764705882	0.791666666667	0.833333333333	0.284671532847	0.673469387755	0.284671532847	0.673469387755	0.673469387755	-7.61129397404	-7.61443003046	-7.02779591873	-7.03071666155	-7.9491539662	-10.1883082103	-7.87906024728	-10.5368781934	-139.483828747	-59.9224220098	-61.3146890209
9_A	520	0.298701298701	0.767123287671	0.712328767123	0.72602739726	0.411764705882	0.791666666667	0.411764705882	0.791666666667	0.833333333333	0.284671532847	0.673469387755	0.284671532847	0.673469387755	0.673469387755	-7.59791513928	-7.60106791972	-7.01441710214	-7.01735456979	-7.93579187442	-10.1883081913	-7.93579187442	-10.5368781934	-140.808404453	-59.696795766	-62.4934528199
85_A	530	0.305194805195	0.767123287671	0.712328767123	0.72602739726	0.411764705882	0.791666666667	0.411764705882	0.791666666667	0.833333333333	0.29197080292	0.673469387755	0.29197080292	0.673469387755	0.673469387755	-7.59791513932	-7.60106791973	-7.01441710214	-7.01735456976	-7.93579187443	-10.1883081913	-7.86569815551	-10.3206873506	-137.598621159	-59.3360714152	-60.9251355457
4_A	540	0.298701298701	0.753424657534	0.712328767123	0.72602739726	0.411764705882	0.8	0.411764705882	0.8	0.84	0.284671532847	0.666666666667	0.284671532847	0.666666666667	0.666666666667	-8.26877356629	-8.23102689842	-8.19602030869	-8.1259730203	-8.47490984788	-9.98555447935	-8.40481612896	-10.5368781934	-137.295221326	-59.342963084	-60.9251355457
62_A	550	0.292207792208	0.753424657534	0.698630136986	0.712328767123	0.411764705882	0.8	0.411764705882	0.76	0.8	0.277372262774	0.666666666667	0.277372262774	0.666666666667	0.666666666667	-10.168441164	-10.1106604756	-10.0466754325	-9.76607523462	-10.3198104951	-9.98555447935	-10.389904214	-10.5352990079	-140.598512172	-59.342963084	-59.4647915483
63_A	560	0.292207792208	0.739726027397	0.698630136986	0.698630136986	0.411764705882	0.8	0.411764705882	0.76	0.8	0.277372262774	0.645833333333	0.277372262774	0.666666666667	0.645833333333	-9.76673868535	-9.82948091085	-9.64521959917	-9.64746727024	-10.019978564	-10.1883082103	-9.95955037394	-10.535299008	-138.404291439	-58.7843215659	-58.936058409
245_C	570	0.285714285714	0.739726027397	0.698630136986	0.698630136986	0.411764705882	0.8	0.411764705882	0.76	0.8	0.270072992701	0.645833333333	0.270072992701	0.666666666667	0.645833333333	-9.77901391297	-9.75380038656	-9.73284895512	-9.70806033703	-10.0478796649	-10.1882816683	-9.91735775595	-10.535299008	-134.316799931	-58.4252193186	-59.110119515
68_A	580	0.266233766234	0.739726027397	0.698630136986	0.712328767123	0.411764705882	0.8	0.411764705882	0.76	0.8	0.248175182482	0.666666666667	0.248175182482	0.666666666667	0.666666666667	-9.29473284078	-9.69337219634	-9.67268256054	-9.23571250478	-9.97778594599	-10.1882816683	-9.88945665502	-10.535299008	-134.849332092	-59.5906763584	-59.7420488041
213_B	590	0.266233766234	0.739726027397	0.698630136986	0.72602739726	0.411764705882	0.8	0.411764705882	0.76	0.8	0.248175182482	0.6875	0.248175182482	0.666666666667	0.6875	-9.0512760784	-9.04944182231	-8.91254799045	-9.06640290025	-9.38207029752	-10.1883603284	-9.38207029752	-10.535299008	-138.533930214	-60.0709049679	-60.4214419949
104_A	600	0.272727272727	0.739726027397	0.698630136986	0.712328767123	0.411764705882	0.740740740741	0.411764705882	0.740740740741	0.740740740741	0.255474452555	0.695652173913	0.255474452555	0.673913043478	0.695652173913	-8.37710130457	-8.37597615573	-8.27697536756	-8.27622998639	-8.59250019887	-10.1883603284	-8.59250019887	-10.535299008	-138.18947425	-61.9062909192	-60.4214419949
4_A	610	0.266233766234	0.72602739726	0.698630136986	0.698630136986	0.411764705882	0.740740740741	0.411764705882	0.740740740741	0.740740740741	0.248175182482	0.673913043478	0.248175182482	0.673913043478	0.673913043478	-8.37710130459	-8.37597615566	-8.27697536756	-8.27622998639	-8.5923035633	-10.1883603284	-8.5923035633	-10.535299008	-139.101629921	-60.7391647819	-60.4214419949
141_A	620	0.279220779221	0.712328767123	0.684931506849	0.698630136986	0.470588235294	0.72	0.470588235294	0.72	0.76	0.255474452555	0.666666666667	0.255474452555	0.666666666667	0.666666666667	-9.03154309935	-7.95327706618	-9.27134789446	-9.27044135144	-9.04312618475	-10.1883603284	-9.04312618475	-10.7342018098	-140.433638748	-60.3590311167	-59.7706632278
2_A	630	0.279220779221	0.712328767123	0.698630136986	0.698630136986	0.444444444444	0.72	0.470588235294	0.72	0.76	0.257352941176	0.666666666667	0.255474452555	0.6875	0.666666666667	-9.06489676031	-9.06708503651	-9.27134789446	-9.27044076211	-8.9730318765	-10.170224185	-9.04312559542	-10.7342018098	-139.480607818	-60.5569125222	-59.6931698996
50_A	640	0.279220779221	0.712328767123	0.698630136986	0.698630136986	0.444444444444	0.692307692308	0.470588235294	0.692307692308	0.730769230769	0.257352941176	0.68085106383	0.255474452555	0.702127659574	0.68085106383	-8.77994120931	-8.78585908342	-8.98578191184	-8.98861042473	-8.47478866387	-10.1702392912	-8.69089366666	-10.7342018098	-139.634850942	-60.1105591352	-59.6931698996
214_B	650	0.279220779221	0.712328767123	0.684931506849	0.684931506849	0.444444444444	0.692307692308	0.470588235294	0.692307692308	0.692307692308	0.257352941176	0.68085106383	0.255474452555	0.68085106383	0.68085106383	-8.56396688328	-8.78591181584	-8.98576701188	-8.77248457831	-8.5448675862	-9.97196099092	-8.76097258898	-10.5180109669	-137.144010996	-60.3803732259	-59.9207221333
124_A	660	0.272727272727	0.712328767123	0.684931506849	0.684931506849	0.444444444444	0.72	0.470588235294	0.72	0.72	0.25	0.666666666667	0.248175182482	0.666666666667	0.666666666667	-9.07305374178	-9.07520843631	-9.29296463404	-9.29203655098	-9.06472138429	-9.97196099092	-9.06472138429	-10.7342018098	-138.722123264	-60.1420337019	-59.8078380504
149_A	670	0.266233766234	0.712328767123	0.684931506849	0.684931506849	0.444444444444	0.72	0.470588235294	0.72	0.72	0.242647058824	0.666666666667	0.240875912409	0.666666666667	0.666666666667	-9.06704146708	-8.00263432218	-9.29351177544	-9.29258428172	-9.06526911502	-9.97196099092	-8.99517539611	-10.7342018098	-138.591549717	-60.1420337019	-59.8078380504
143_A	680	0.25974025974	0.712328767123	0.698630136986	0.684931506849	0.444444444444	0.72	0.470588235294	0.72	0.72	0.235294117647	0.666666666667	0.233576642336	0.6875	0.666666666667	-9.06704348798	-9.06921675148	-9.29351177545	-9.29258428172	-8.99537203166	-9.97196099092	-9.06546575058	-10.7342018098	-140.292466673	-60.1420337019	-61.3071709508
89_A	690	0.25974025974	0.712328767123	0.698630136986	0.684931506849	0.444444444444	0.72	0.470588235294	0.72	0.72	0.235294117647	0.666666666667	0.233576642336	0.6875	0.666666666667	-9.06709959293	-9.06926503964	-9.29356990112	-9.29263182293	-9.06551403874	-9.97196099092	-8.99542031983	-10.7342018098	-137.927294432	-60.1420337019	-61.3071709508
30_A	700	0.253246753247	0.712328767123	0.698630136986	0.684931506849	0.444444444444	0.782608695652	0.470588235294	0.739130434783	0.782608695652	0.227941176471	0.64	0.226277372263	0.68	0.64	-9.33756976068	-9.33958013679	-9.13175339232	-9.13037642754	-8.90401624538	-9.9983510998	-8.83392252646	-10.7342018098	-139.042282038	-60.1495541871	-61.3071709508
133_A	710	0.253246753247	0.712328767123	0.698630136986	0.684931506849	0.444444444444	0.782608695652	0.470588235294	0.739130434783	0.782608695652	0.227941176471	0.64	0.226277372263	0.68	0.64	-9.3375717815	-9.33957811683	-9.13240729717	-9.13103033239	-8.90401624538	-9.9983510998	-8.90401624538	-10.7342007833	-140.120950994	-60.1495541871	-62.8929418036
69_A	720	0.253246753247	0.712328767123	0.698630136986	0.684931506849	0.444444444444	0.782608695652	0.470588235294	0.739130434783	0.782608695652	0.227941176471	0.64	0.226277372263	0.68	0.64	-9.17714693599	-9.17918502703	-8.71159637789	-8.71056118865	-8.41345338272	-9.99835109981	-8.48354710164	-10.7342007833	-141.003580074	-59.9741875941	-61.8735222737
145_A	730	0.246753246753	0.712328767123	0.684931506849	0.671232876712	0.444444444444	0.782608695652	0.470588235294	0.739130434783	0.782608695652	0.220588235294	0.62	0.21897810219	0.66	0.62	-9.24663900152	-9.25019151005	-9.43968837433	-9.44016675714	-9.1208398249	-9.99835109981	-9.19093354382	-10.7342007832	-138.358356784	-59.9741875941	-59.7488536287
51_A	740	0.246753246753	0.698630136986	0.684931506849	0.671232876712	0.444444444444	0.782608695652	0.470588235294	0.739130434783	0.782608695652	0.220588235294	0.62	0.21897810219	0.66	0.62	-9.24663900146	-9.25019150999	-9.43968837433	-9.44016675714	-9.19093354382	-9.99835109981	-9.19093354382	-10.7342007832	-139.830449484	-60.1441095747	-59.7488536287
133_A	750	0.253246753247	0.698630136986	0.671232876712	0.671232876712	0.444444444444	0.782608695652	0.470588235294	0.739130434783	0.782608695652	0.227941176471	0.62	0.226277372263	0.64	0.62	-9.24664102219	-9.25019150992	-10.0655591274	-10.066195655	-9.19093354382	-9.9983510998	-9.19093354382	-11.2286096793	-138.333634056	-61.7571551353	-59.7054310373
197_B	760	0.246753246753	0.684931506849	0.671232876712	0.657534246575	0.444444444444	0.739130434783	0.470588235294	0.739130434783	0.739130434783	0.220588235294	0.62	0.21897810219	0.64	0.62	-9.24839835614	-9.2519577987	-10.0948599999	-10.0954999519	-9.12222730367	-9.9987299098	-9.19232102259	-11.272492253	-137.966969904	-61.7417507773	-60.2857566581
102_A	770	0.25974025974	0.684931506849	0.671232876712	0.657534246575	0.444444444444	0.739130434783	0.470588235294	0.739130434783	0.739130434783	0.235294117647	0.62	0.233576642336	0.64	0.62	-9.2487578614	-9.25232254111	-10.0952195051	-10.0958646942	-9.19268576489	-9.80711446433	-9.19268576489	-11.272492253	-139.043335811	-61.7417507773	-60.2857566581
137_A	780	0.253246753247	0.671232876712	0.671232876712	0.643835616438	0.444444444444	0.708333333333	0.470588235294	0.708333333333	0.708333333333	0.227941176471	0.612244897959	0.226277372263	0.65306122449	0.612244897959	-9.22671408162	-9.23021203282	-10.0921648609	-10.0927522743	-9.18900860718	-9.99295081842	-9.11891488827	-11.272492253	-139.552472905	-61.915672295	-60.2857566581
266_C	790	0.246753246753	0.671232876712	0.671232876712	0.643835616438	0.444444444444	0.708333333333	0.470588235294	0.708333333333	0.708333333333	0.220588235294	0.612244897959	0.21897810219	0.65306122449	0.612244897959	-9.20669284163	-9.21020159692	-10.0721436209	-10.0727407079	-9.09890332604	-9.99295283848	-9.16899704496	-11.272492253	-137.615840012	-61.915672295	-61.1696563939
112_A	800	0.253246753247	0.684931506849	0.671232876712	0.657534246575	0.444444444444	0.708333333333	0.470588235294	0.708333333333	0.708333333333	0.227941176471	0.632653061224	0.226277372263	0.65306122449	0.632653061224	-9.22630110858	-9.22979920056	-10.1327163426	-10.1332814666	-9.18859577493	-9.99295081844	-9.18859577493	-11.2724421523	-135.579607583	-61.7697251458	-59.7428994156
118_A	810	0.246753246753	0.684931506849	0.657534246575	0.671232876712	0.444444444444	0.708333333333	0.470588235294	0.708333333333	0.708333333333	0.220588235294	0.65306122449	0.21897810219	0.632653061224	0.65306122449	-9.22630110858	-9.22979920057	-10.1327163426	-10.1332814666	-9.11850205601	-9.99295081844	-9.18859577492	-11.2724421523	-136.68071502	-61.7697251458	-59.3200519422
80_A	820	0.24025974026	0.684931506849	0.657534246575	0.671232876712	0.444444444444	0.708333333333	0.470588235294	0.708333333333	0.708333333333	0.213235294118	0.65306122449	0.211678832117	0.632653061224	0.65306122449	-9.22630110857	-9.22979920056	-10.1327163426	-10.1332814666	-9.11850205601	-9.99295081844	-9.18859577493	-11.2724421523	-135.128260683	-61.7697251458	-59.4485592184
135_A	830	0.246753246753	0.684931506849	0.671232876712	0.671232876712	0.470588235294	0.708333333333	0.470588235294	0.75	0.708333333333	0.21897810219	0.65306122449	0.21897810219	0.632653061224	0.65306122449	-9.19990432229	-9.20340241186	-9.99583495006	-9.99646364614	-9.18859577493	-10.0084800785	-9.11850205601	-11.2277124011	-135.615924433	-60.2086952592	-60.5491392566
141_A	840	0.24025974026	0.684931506849	0.671232876712	0.671232876712	0.411764705882	0.708333333333	0.411764705882	0.75	0.708333333333	0.21897810219	0.65306122449	0.21897810219	0.632653061224	0.65306122449	-9.17351290306	-9.17701526441	-9.98451528339	-9.98512116356	-9.10718666113	-10.0168683369	-9.17728038005	-11.2277124011	-137.052725484	-62.6163479122	-60.5491392566
56_A	850	0.24025974026	0.684931506849	0.671232876712	0.671232876712	0.411764705882	0.708333333333	0.411764705882	0.75	0.708333333333	0.21897810219	0.65306122449	0.21897810219	0.632653061224	0.65306122449	-9.061115123	-9.0645691454	-9.93174345514	-9.93225064576	-9.0640989895	-10.0168683369	-9.0640989895	-11.2277064688	-140.078041211	-62.6163479122	-60.4241203728
75_A	860	0.24025974026	0.684931506849	0.671232876712	0.671232876712	0.411764705882	0.708333333333	0.411764705882	0.75	0.708333333333	0.21897810219	0.65306122449	0.21897810219	0.632653061224	0.65306122449	-9.12897871084	-9.13245272364	-9.93945533887	-9.94002252128	-9.06431597259	-10.016870357	-9.13440969151	-11.2277064688	-140.384497939	-64.2824340464	-60.4241203728
77_A	870	0.227272727273	0.684931506849	0.671232876712	0.671232876712	0.411764705882	0.708333333333	0.411764705882	0.75	0.708333333333	0.204379562044	0.65306122449	0.204379562044	0.632653061224	0.65306122449	-9.12894289019	-9.13241681157	-9.93941951823	-9.93998660921	-9.07527781009	-9.82524777022	-9.14537152901	-11.2277064688	-137.163118615	-64.2824340464	-60.4241203728
97_A	880	0.227272727273	0.684931506849	0.671232876712	0.671232876712	0.411764705882	0.708333333333	0.411764705882	0.75	0.708333333333	0.204379562044	0.65306122449	0.204379562044	0.632653061224	0.65306122449	-9.09410960634	-9.09594808719	-9.90879706637	-9.90773494399	-9.03202839531	-10.0111027272	-9.03202839531	-11.2277064688	-137.484232368	-63.4419453912	-60.4241203728
129_A	890	0.233766233766	0.684931506849	0.671232876712	0.671232876712	0.411764705882	0.708333333333	0.411764705882	0.75	0.708333333333	0.211678832117	0.65306122449	0.211678832117	0.632653061224	0.65306122449	-9.09442871665	-9.09626317755	-9.90911617669	-9.9080480143	-9.10243518453	-10.0111027272	-9.03234146562	-11.2277064688	-137.484600189	-63.4419453912	-60.4241203728
240_C	900	0.233766233766	0.684931506849	0.657534246575	0.671232876712	0.411764705882	0.708333333333	0.411764705882	0.75	0.708333333333	0.211678832117	0.65306122449	0.211678832117	0.612244897959	0.65306122449	-9.04949044583	-9.05136081025	-9.90907820124	-9.9080180844	-9.10240525463	-9.98475496216	-9.03231153571	-11.2277064688	-138.389581739	-61.9491704726	-60.321118893
93_A	910	0.233766233766	0.684931506849	0.657534246575	0.684931506849	0.444444444444	0.739130434783	0.411764705882	0.739130434783	0.782608695652	0.205882352941	0.64	0.211678832117	0.62	0.64	-9.06896619299	-9.07085307657	-9.91269887165	-9.91163870675	-9.03593244731	-10.0271013204	-9.10602616623	-11.2277064688	-139.845017233	-61.0927440871	-60.321118893
292_C	920	0.227272727273	0.684931506849	0.657534246575	0.684931506849	0.444444444444	0.739130434783	0.411764705882	0.739130434783	0.782608695652	0.198529411765	0.64	0.204379562044	0.62	0.64	-9.14027990381	-9.14223653808	-9.35697551466	-9.35581265742	-9.17740974628	-10.0327327984	-9.17740974628	-10.7320897079	-138.626553836	-61.5668897212	-61.0019373789
145_A	930	0.227272727273	0.684931506849	0.643835616438	0.671232876712	0.444444444444	0.739130434783	0.411764705882	0.739130434783	0.782608695652	0.198529411765	0.62	0.204379562044	0.6	0.62	-9.1402799038	-9.14223653807	-9.35697551466	-9.35581265742	-9.17740974628	-10.0328676773	-9.17740974628	-10.7320897079	-135.605554877	-61.6914422431	-60.4825387819
129_A	940	0.227272727273	0.684931506849	0.643835616438	0.671232876712	0.444444444444	0.739130434783	0.411764705882	0.739130434783	0.782608695652	0.198529411765	0.62	0.204379562044	0.6	0.62	-9.18620566607	-9.1881497153	-9.40291830783	-9.40174341159	-9.2233229235	-10.0328676773	-9.2233229235	-10.5184539545	-138.201914798	-61.6914422431	-59.5258821946
114_A	950	0.227272727273	0.684931506849	0.643835616438	0.671232876712	0.5	0.739130434783	0.470588235294	0.739130434783	0.782608695652	0.191176470588	0.62	0.197080291971	0.6	0.62	-9.27992763468	-9.28177882951	-9.46050016009	-9.45921791907	-9.25677264982	-10.0328676773	-9.18667893091	-10.7105649609	-141.217799186	-61.6914422431	-59.2693293753
227_B	960	0.227272727273	0.684931506849	0.630136986301	0.671232876712	0.5	0.708333333333	0.5	0.708333333333	0.75	0.191176470588	0.632653061224	0.191176470588	0.591836734694	0.632653061224	-9.25748247318	-9.25935310744	-9.47039594511	-9.46911370409	-9.19657471592	-10.0328676773	-9.26666843484	-10.7295896984	-138.697779704	-60.9350395912	-59.1346540444
145_A	970	0.227272727273	0.671232876712	0.630136986301	0.657534246575	0.5	0.708333333333	0.5	0.708333333333	0.75	0.191176470588	0.612244897959	0.191176470588	0.591836734694	0.612244897959	-9.24768837581	-9.24955322471	-9.46060184773	-9.45931382135	-9.18677483319	-10.0328676773	-9.2568685521	-10.7295896984	-138.485559387	-60.9416148836	-59.622634308
65_A	980	0.214285714286	0.671232876712	0.630136986301	0.657534246575	0.444444444444	0.708333333333	0.5	0.708333333333	0.75	0.183823529412	0.612244897959	0.176470588235	0.591836734694	0.612244897959	-9.20176261355	-9.20364004749	-9.41467608546	-9.41340064413	-9.21095537488	-10.0328676773	-9.21095537488	-10.7295896984	-136.758958504	-60.7853076908	-59.622634308
237_C	990	0.214285714286	0.684931506849	0.643835616438	0.671232876712	0.470588235294	0.708333333333	0.5	0.75	0.791666666667	0.182481751825	0.612244897959	0.176470588235	0.591836734694	0.612244897959	-9.27126399442	-9.273072298	-9.48118156857	-9.47990612552	-9.21095537488	-10.0162492731	-9.21095537488	-10.7960951798	-136.309715731	-62.6737659094	-58.5868622305
95_A	1000	0.24025974026	0.671232876712	0.643835616438	0.657534246575	0.470588235294	0.666666666667	0.5	0.75	0.75	0.211678832117	0.612244897959	0.205882352941	0.591836734694	0.612244897959	-11.4382133057	-11.4265096048	-11.480002251	-11.4784178487	-11.2670347378	-9.9906155366	-11.2670347378	-10.7960951798	-138.738507567	-60.0874853648	-58.5868622305
12_A	1010	0.233766233766	0.671232876712	0.643835616438	0.657534246575	0.470588235294	0.666666666667	0.5	0.75	0.75	0.204379562044	0.612244897959	0.198529411765	0.591836734694	0.612244897959	-11.0412481376	-11.3436844071	-11.4800778895	-11.4784959899	-11.2646802184	-10.6404254901	-11.1945864995	-10.7960951798	-138.209488512	-60.3325995047	-59.8442873351
17_A	1020	0.24025974026	0.657534246575	0.643835616438	0.643835616438	0.470588235294	0.666666666667	0.5	0.75	0.75	0.211678832117	0.591836734694	0.205882352941	0.591836734694	0.591836734694	-11.0508642493	-11.3663766928	-11.4817762847	-11.4800798506	-11.1988734384	-10.3267988182	-11.2689671574	-10.7960923083	-137.361211257	-58.8027354725	-58.5628537997
94_A	1030	0.246753246753	0.657534246575	0.643835616438	0.643835616438	0.470588235294	0.666666666667	0.45	0.75	0.75	0.21897810219	0.591836734694	0.216417910448	0.591836734694	0.591836734694	-11.3650024936	-11.6681513757	-11.5943737972	-11.5926581031	-11.1988734385	-10.3267988182	-11.1988734385	-10.8033639855	-140.814865065	-58.8027354725	-57.4400231557
33_A	1040	0.253246753247	0.657534246575	0.643835616438	0.643835616438	0.470588235294	0.666666666667	0.45	0.75	0.75	0.226277372263	0.591836734694	0.223880597015	0.591836734694	0.591836734694	-11.376029843	-11.6921965361	-11.5865145562	-11.5847512133	-11.2610603884	-10.3267988182	-11.2610603884	-10.8033639855	-142.725908033	-58.8027354725	-57.4400231557
155_B	1050	0.253246753247	0.643835616438	0.643835616438	0.643835616438	0.470588235294	0.666666666667	0.45	0.75	0.75	0.226277372263	0.591836734694	0.223880597015	0.591836734694	0.591836734694	-11.5743958368	-11.2904537298	-11.5212479716	-11.5196314086	-11.1258446667	-10.035848962	-11.1258446667	-10.8033639855	-141.415798613	-58.5329148533	-57.4400231557
249_C	1060	0.253246753247	0.643835616438	0.630136986301	0.643835616438	0.411764705882	0.692307692308	0.4	0.769230769231	0.769230769231	0.233576642336	0.574468085106	0.231343283582	0.553191489362	0.574468085106	-10.6456889212	-10.6569652598	-10.5380701683	-10.5366222045	-10.7565880549	-9.80784244754	-10.686494336	-10.8033639855	-139.211057398	-58.5329148533	-56.3784763629
63_A	1070	0.246753246753	0.643835616438	0.630136986301	0.643835616438	0.411764705882	0.692307692308	0.4	0.769230769231	0.769230769231	0.226277372263	0.574468085106	0.223880597015	0.553191489362	0.574468085106	-10.6456889212	-10.3707877122	-10.5380701683	-10.5366222045	-10.7565873088	-10.6129763658	-10.756588055	-10.8033639855	-142.881154095	-58.5329148533	-56.3784763629
8_A	1080	0.25974025974	0.643835616438	0.630136986301	0.643835616438	0.411764705882	0.692307692308	0.4	0.769230769231	0.769230769231	0.240875912409	0.574468085106	0.238805970149	0.553191489362	0.574468085106	-10.4488236089	-10.7330246508	-10.5309522465	-10.5295083889	-10.6794494302	-10.3267988182	-10.6794494302	-10.8033639855	-141.500405784	-58.6708805278	-56.3784763629
227_B	1090	0.253246753247	0.643835616438	0.630136986301	0.643835616438	0.411764705882	0.692307692308	0.4	0.769230769231	0.769230769231	0.233576642336	0.574468085106	0.231343283582	0.553191489362	0.574468085106	-10.5372079792	-10.2572435569	-10.3050186027	-10.2997376641	-10.3509653282	-10.3220265096	-10.3509653282	-10.8033639855	-136.858675339	-58.8709369896	-56.3784763629
63_A	1100	0.266233766234	0.643835616438	0.630136986301	0.643835616438	0.411764705882	0.692307692308	0.4	0.769230769231	0.769230769231	0.248175182482	0.574468085106	0.246268656716	0.553191489362	0.574468085106	-10.5456092774	-10.2564728401	-10.313419901	-10.3081576428	-10.2892915879	-10.3267988182	-10.2892915879	-10.8033639855	-137.061333677	-58.6162379161	-56.3784763629
28_A	1110	0.266233766234	0.657534246575	0.630136986301	0.643835616438	0.352941176471	0.666666666667	0.4	0.740740740741	0.740740740741	0.255474452555	0.586956521739	0.246268656716	0.565217391304	0.586956521739	-10.4481945273	-10.4465085171	-10.3714958335	-10.367454494	-10.3679478905	-10.3267988182	-10.3679478905	-10.8033639855	-136.777400781	-57.8142773546	-56.3784763629
134_A	1120	0.24025974026	0.657534246575	0.630136986301	0.657534246575	0.352941176471	0.666666666667	0.4	0.740740740741	0.777777777778	0.226277372263	0.586956521739	0.216417910448	0.565217391304	0.586956521739	-10.3000755586	-10.2961660489	-10.3646617777	-10.3606009057	-10.3608976666	-10.6548796524	-10.3608976666	-10.8033639855	-137.942414167	-61.8705102812	-56.3784763629
137_A	1130	0.233766233766	0.657534246575	0.630136986301	0.657534246575	0.352941176471	0.666666666667	0.4	0.740740740741	0.777777777778	0.21897810219	0.586956521739	0.208955223881	0.565217391304	0.586956521739	-10.3000755586	-10.2961660489	-10.3646617777	-10.3606009057	-10.2908039477	-10.6548796524	-10.3608976666	-10.8033639855	-136.472264147	-61.8705102812	-56.6374746355
5_A	1140	0.233766233766	0.657534246575	0.630136986301	0.671232876712	0.352941176471	0.666666666667	0.4	0.740740740741	0.777777777778	0.21897810219	0.608695652174	0.208955223881	0.565217391304	0.608695652174	-10.2760657789	-10.2717406011	-10.3511702487	-10.3467386822	-10.2771317069	-10.6542544035	-10.3472254258	-10.8033639855	-135.623150494	-63.1107556941	-57.1959654745
164_B	1150	0.227272727273	0.643835616438	0.630136986301	0.657534246575	0.352941176471	0.62962962963	0.4	0.740740740741	0.740740740741	0.211678832117	0.608695652174	0.201492537313	0.565217391304	0.608695652174	-10.4111752321	-10.4072312134	-10.337733444	-10.3336103118	-10.3341037083	-10.7864525838	-10.3341037083	-10.8033639855	-137.577603259	-61.657717932	-57.5206488315
107_A	1160	0.233766233766	0.643835616438	0.630136986301	0.671232876712	0.352941176471	0.62962962963	0.388888888889	0.740740740741	0.777777777778	0.21897810219	0.608695652174	0.213235294118	0.565217391304	0.608695652174	-10.6045779551	-10.6007143511	-10.0806800482	-10.0765311645	-10.2672050254	-10.7864525838	-10.3372987443	-10.594805987	-134.119850439	-61.657717932	-59.2311925067
144_A	1170	0.24025974026	0.643835616438	0.643835616438	0.671232876712	0.352941176471	0.62962962963	0.388888888889	0.740740740741	0.777777777778	0.226277372263	0.608695652174	0.220588235294	0.586956521739	0.608695652174	-10.6094389093	-10.6055788053	-10.0855430974	-10.0813956188	-10.3421631985	-10.7864525838	-10.3421631985	-10.594805987	-138.064661602	-61.657717932	-58.66911625
116_A	1180	0.246753246753	0.643835616438	0.643835616438	0.671232876712	0.352941176471	0.62962962963	0.388888888889	0.740740740741	0.777777777778	0.233576642336	0.608695652174	0.227941176471	0.586956521739	0.608695652174	-10.6096499718	-10.6058014719	-10.0857541599	-10.0816182853	-10.342385865	-10.7864525839	-10.2722921461	-10.594805987	-140.921534308	-60.3360941624	-57.7213092108
40_A	1190	0.233766233766	0.643835616438	0.643835616438	0.671232876712	0.352941176471	0.62962962963	0.388888888889	0.740740740741	0.777777777778	0.21897810219	0.608695652174	0.213235294118	0.586956521739	0.608695652174	-10.609466353	-10.6056739022	-10.0855705411	-10.0814907156	-10.2721645764	-10.7864525839	-10.3422582954	-10.594805987	-137.686877634	-60.3360941624	-59.1705548469
141_A	1200	0.233766233766	0.643835616438	0.643835616438	0.671232876712	0.352941176471	0.62962962963	0.388888888889	0.740740740741	0.777777777778	0.21897810219	0.608695652174	0.213235294118	0.586956521739	0.608695652174	-10.6065523179	-10.6027418931	-10.0826565061	-10.0785587066	-10.3393262864	-10.7864525838	-10.3393262864	-10.594805987	-136.044295606	-60.1555510516	-57.9510120374
13_A	1210	0.246753246753	0.643835616438	0.643835616438	0.671232876712	0.352941176471	0.653846153846	0.388888888889	0.769230769231	0.807692307692	0.233576642336	0.595744680851	0.227941176471	0.574468085106	0.595744680851	-10.7473203734	-10.7434640694	-10.222614807	-10.2185605368	-10.309085623	-10.7864525838	-10.309085623	-10.594805987	-137.342018962	-60.1555510516	-58.4044862551
138_A	1220	0.24025974026	0.657534246575	0.643835616438	0.671232876712	0.352941176471	0.653846153846	0.388888888889	0.769230769231	0.807692307692	0.226277372263	0.595744680851	0.220588235294	0.574468085106	0.595744680851	-10.7473203734	-10.7434640695	-10.1894414227	-10.1853701553	-10.309085623	-10.7864525838	-10.309085623	-10.5948619418	-137.24748005	-61.2579323726	-59.8711167221
123_A	1230	0.24025974026	0.657534246575	0.643835616438	0.671232876712	0.352941176471	0.653846153846	0.388888888889	0.769230769231	0.807692307692	0.226277372263	0.595744680851	0.220588235294	0.574468085106	0.595744680851	-10.7476684319	-10.7438135337	-10.1897894811	-10.1857196195	-10.3094350871	-10.7864525838	-10.2393413682	-10.5948619418	-139.541798817	-61.2579323726	-59.6989747344
123_A	1240	0.233766233766	0.657534246575	0.643835616438	0.671232876712	0.352941176471	0.653846153846	0.388888888889	0.769230769231	0.807692307692	0.21897810219	0.595744680851	0.213235294118	0.574468085106	0.595744680851	-10.7476684319	-10.7438135336	-10.1897894811	-10.1857196195	-10.3094350871	-10.7864525838	-10.3094350871	-10.5948619418	-136.786830501	-61.2579323726	-59.6989747344
13_A	1250	0.233766233766	0.657534246575	0.630136986301	0.657534246575	0.352941176471	0.653846153846	0.388888888889	0.769230769231	0.807692307692	0.21897810219	0.574468085106	0.213235294118	0.553191489362	0.574468085106	-10.8984594121	-10.8935421266	-10.3600430648	-10.3548920287	-10.4722691206	-10.7864525838	-10.4722691206	-10.5948619418	-139.842373969	-61.2579323726	-59.0306856858
13_A	1260	0.233766233766	0.657534246575	0.630136986301	0.657534246575	0.352941176471	0.653846153846	0.388888888889	0.769230769231	0.807692307692	0.21897810219	0.574468085106	0.213235294118	0.553191489362	0.574468085106	-9.96901567346	-9.96563289585	-9.43059932614	-9.42698279788	-9.61445360865	-10.7864525839	-9.61445360865	-10.5948619418	-138.346573601	-61.1073782511	-59.0306856858
97_A	1270	0.214285714286	0.657534246575	0.616438356164	0.657534246575	0.352941176471	0.653846153846	0.388888888889	0.769230769231	0.807692307692	0.197080291971	0.574468085106	0.191176470588	0.531914893617	0.574468085106	-9.96379534226	-9.9603868353	-9.42537899501	-9.42173189201	-9.60920754822	-10.7864525839	-9.60920754822	-10.5948619418	-140.592909227	-61.1073782511	-59.1374307665
7_A	1280	0.220779220779	0.657534246575	0.616438356164	0.657534246575	0.352941176471	0.653846153846	0.388888888889	0.769230769231	0.807692307692	0.204379562044	0.574468085106	0.198529411765	0.531914893617	0.574468085106	-9.98905768858	-9.98571465333	-9.45064134127	-9.44705970995	-9.63453536616	-10.7864525839	-9.63453536616	-10.5948619418	-139.047563148	-61.1073782511	-59.1374307665
4_A	1290	0.227272727273	0.657534246575	0.616438356164	0.643835616438	0.411764705882	0.653846153846	0.444444444444	0.769230769231	0.807692307692	0.204379562044	0.553191489362	0.198529411765	0.531914893617	0.553191489362	-9.55412926039	-9.54954372063	-9.25885733414	-9.25369918084	-9.93770266302	-10.7864525839	-10.0077963819	-10.5948619418	-138.293572943	-61.0107274499	-58.1227746666
228_C	1300	0.227272727273	0.657534246575	0.630136986301	0.643835616438	0.411764705882	0.653846153846	0.444444444444	0.769230769231	0.807692307692	0.204379562044	0.553191489362	0.198529411765	0.553191489362	0.553191489362	-9.5664281987	-9.56150989103	-9.26945007774	-9.26396929155	-10.0180598397	-10.7864525839	-10.0180598397	-10.5948619418	-139.218282094	-61.0107274499	-60.1492968635
37_A	1310	0.227272727273	0.657534246575	0.630136986301	0.643835616438	0.411764705882	0.653846153846	0.444444444444	0.769230769231	0.807692307692	0.204379562044	0.553191489362	0.198529411765	0.553191489362	0.553191489362	-9.27597182734	-9.272075221	-8.97350655317	-8.96907396261	-9.6749870302	-10.7864525839	-9.6749870302	-10.5948619418	-140.343804983	-61.0107274499	-60.1492968635
227_B	1320	0.233766233766	0.643835616438	0.616438356164	0.657534246575	0.411764705882	0.653846153846	0.444444444444	0.769230769231	0.807692307692	0.211678832117	0.574468085106	0.205882352941	0.531914893617	0.574468085106	-9.27597182727	-9.27207522095	-8.97350655318	-8.96907396261	-9.6749870302	-10.7864525838	-9.60489331129	-10.5948619418	-137.995042304	-59.888832778	-60.3687293135
104_A	1330	0.233766233766	0.643835616438	0.616438356164	0.657534246575	0.411764705882	0.653846153846	0.444444444444	0.769230769231	0.807692307692	0.211678832117	0.574468085106	0.205882352941	0.531914893617	0.574468085106	-9.25282829708	-9.24896201396	-8.99586154249	-8.99145520878	-9.65405838432	-10.7864525839	-9.5839646654	-10.5948619417	-139.117055167	-59.5821752918	-59.6644713573
227_B	1340	0.233766233766	0.643835616438	0.616438356164	0.643835616438	0.411764705882	0.64	0.444444444444	0.76	0.8	0.211678832117	0.5625	0.205882352941	0.541666666667	0.5625	-8.98754751856	-8.98996445093	-8.50537369776	-8.5073047029	-8.18366784727	-10.7864525838	-8.18366784727	-10.5948619417	-137.978328442	-60.8697212137	-58.5047145431
87_A	1350	0.227272727273	0.657534246575	0.616438356164	0.657534246575	0.411764705882	0.68	0.444444444444	0.76	0.84	0.204379562044	0.5625	0.198529411765	0.541666666667	0.5625	-8.8127554954	-9.06833270989	-8.71252536408	-8.71442211694	-7.91378007639	-10.6367431706	-8.11357408472	-10.5948619417	-138.059562944	-64.3622474403	-58.5047145431
214_B	1360	0.227272727273	0.657534246575	0.616438356164	0.657534246575	0.411764705882	0.68	0.444444444444	0.76	0.84	0.204379562044	0.5625	0.198529411765	0.541666666667	0.5625	-8.94054794832	-9.19602583589	-8.80361028304	-8.59830972341	-8.20453733085	-11.0517988299	-8.27463104977	-10.5949037598	-142.992915466	-64.0924333496	-58.5498530335
19_A	1370	0.227272727273	0.643835616438	0.616438356164	0.657534246575	0.411764705882	0.68	0.444444444444	0.76	0.84	0.204379562044	0.5625	0.198529411765	0.541666666667	0.5625	-9.19889269732	-9.20004104606	-8.59851037621	-8.80944239127	-8.46852611246	-11.0517988299	-8.46852611246	-10.5949037598	-138.959517517	-60.8535412789	-58.5498530335
109_A	1380	0.227272727273	0.643835616438	0.616438356164	0.657534246575	0.411764705882	0.68	0.444444444444	0.76	0.84	0.204379562044	0.5625	0.198529411765	0.541666666667	0.5625	-9.05465009389	-8.94371794765	-8.80876910691	-8.66145430484	-8.39841026762	-11.0517988299	-8.12330124074	-10.5949037598	-137.170793277	-60.8535412789	-58.5498530335
237_C	1390	0.227272727273	0.643835616438	0.602739726027	0.643835616438	0.411764705882	0.68	0.444444444444	0.72	0.8	0.204379562044	0.5625	0.198529411765	0.541666666667	0.5625	-9.19461187823	-9.19576859656	-8.73663821267	-8.73729368111	-8.46420148152	-11.0517988299	-8.46420148152	-10.5283982784	-139.888175071	-60.8535412789	-58.5207945781
149_A	1400	0.227272727273	0.643835616438	0.602739726027	0.643835616438	0.411764705882	0.68	0.444444444444	0.72	0.8	0.204379562044	0.5625	0.198529411765	0.541666666667	0.5625	-9.18770829321	-9.18888965214	-8.60039959634	-8.52433541696	-8.38722881817	-11.0517988299	-8.38722881817	-10.5283982784	-140.381195862	-60.8535412789	-58.5207945781
77_A	1410	0.233766233766	0.643835616438	0.602739726027	0.643835616438	0.411764705882	0.68	0.444444444444	0.72	0.8	0.211678832117	0.5625	0.205882352941	0.541666666667	0.5625	-9.18770829322	-9.18888965213	-8.72973462764	-8.73041473668	-8.45732253709	-11.0517988299	-8.45732253709	-10.5283982784	-140.052819144	-60.8535412789	-59.3210578782
23_A	1420	0.227272727273	0.643835616438	0.602739726027	0.630136986301	0.411764705882	0.68	0.444444444444	0.72	0.8	0.204379562044	0.541666666667	0.198529411765	0.541666666667	0.541666666667	-10.4507638403	-10.4517795799	-9.99260329579	-9.97562102982	-9.71954394604	-11.0517988299	-9.71954394604	-10.5283982784	-141.495264281	-61.2301942216	-59.3210578782
120_A	1430	0.227272727273	0.643835616438	0.602739726027	0.630136986301	0.411764705882	0.653846153846	0.444444444444	0.692307692308	0.769230769231	0.204379562044	0.553191489362	0.198529411765	0.553191489362	0.553191489362	-11.4467868942	-11.6535859164	-11.0916426567	-11.0920849186	-10.9474960465	-11.0517988299	-10.9474960465	-10.5283982784	-138.076999318	-62.9267251489	-59.3210578782
102_A	1440	0.233766233766	0.643835616438	0.602739726027	0.630136986301	0.411764705882	0.653846153846	0.444444444444	0.692307692308	0.769230769231	0.211678832117	0.553191489362	0.205882352941	0.553191489362	0.553191489362	-11.6080388491	-11.6096572911	-11.1319839049	-11.1136234892	-11.1823884406	-11.0517786884	-10.7140529597	-10.5283982784	-138.885626621	-61.2458181692	-59.3210578782
12_A	1450	0.24025974026	0.643835616438	0.602739726027	0.630136986301	0.411764705882	0.653846153846	0.444444444444	0.692307692308	0.769230769231	0.21897810219	0.553191489362	0.213235294118	0.553191489362	0.553191489362	-11.548630257	-11.5501399363	-11.0375231018	-11.038435041	-10.7085547538	-11.0517786884	-10.7085547538	-10.5283982784	-138.438282994	-61.2458181692	-60.5034542574
72_A	1460	0.246753246753	0.643835616438	0.602739726027	0.630136986301	0.411764705882	0.653846153846	0.444444444444	0.692307692308	0.769230769231	0.226277372263	0.553191489362	0.220588235294	0.553191489362	0.553191489362	-11.5506005375	-11.5521112254	-10.9896674502	-10.9907908229	-10.6404464753	-11.0517786884	-10.5529710682	-10.5283982784	-139.24612007	-61.2458181692	-59.5849512266
143_A	1470	0.227272727273	0.643835616438	0.602739726027	0.630136986301	0.294117647059	0.653846153846	0.333333333333	0.692307692308	0.769230769231	0.21897810219	0.553191489362	0.213235294118	0.553191489362	0.553191489362	-10.3441501206	-10.3237511732	-9.77021376386	-9.74808207576	-9.74894910636	-11.0517786884	-9.76547024451	-10.5283982784	-137.469373795	-61.4729325493	-59.3990348479
133_A	1480	0.227272727273	0.643835616438	0.602739726027	0.630136986301	0.294117647059	0.653846153846	0.294117647059	0.692307692308	0.769230769231	0.21897810219	0.553191489362	0.21897810219	0.553191489362	0.553191489362	-10.3441501206	-10.3470538373	-9.86477908568	-9.88874849726	-9.83556396343	-11.0517786884	-9.83556396343	-10.7500816829	-139.589454146	-60.7048380753	-59.9650902153
80_A	1490	0.227272727273	0.643835616438	0.602739726027	0.630136986301	0.294117647059	0.653846153846	0.294117647059	0.692307692308	0.769230769231	0.21897810219	0.553191489362	0.21897810219	0.553191489362	0.553191489362	-10.3441501206	-10.2813341671	-9.88795448826	-9.88874561993	-10.2395896401	-11.0517786884	-10.152974783	-10.7500816829	-139.693297503	-60.7048380753	-61.2520041257
30_A	1500	0.201298701299	0.643835616438	0.602739726027	0.630136986301	0.294117647059	0.666666666667	0.294117647059	0.703703703704	0.777777777778	0.189781021898	0.54347826087	0.189781021898	0.54347826087	0.54347826087	-9.50237540631	-9.50020333406	-9.10526279055	-9.09009475941	-9.76327850648	-10.837314333	-10.0885950934	-10.7500816829	-139.964900975	-60.7048380753	-62.7769631354
286_C	1510	0.194805194805	0.643835616438	0.58904109589	0.643835616438	0.294117647059	0.666666666667	0.294117647059	0.703703703704	0.814814814815	0.182481751825	0.54347826087	0.182481751825	0.521739130435	0.54347826087	-9.50237540631	-9.55824468831	-9.10379981014	-9.12766070816	-10.1586781317	-11.0517786884	-10.1586781317	-11.2536308677	-137.285491286	-60.7048380753	-61.0012772819
118_A	1520	0.194805194805	0.643835616438	0.58904109589	0.630136986301	0.294117647059	0.666666666667	0.294117647059	0.703703703704	0.777777777778	0.182481751825	0.54347826087	0.182481751825	0.521739130435	0.54347826087	-9.560640268	-9.87964417832	-8.8932905838	-8.87811751308	-10.1586781317	-11.0517786884	-10.1016871908	-11.2468410377	-138.09027107	-60.7048380753	-59.1382329309
29_A	1530	0.194805194805	0.643835616438	0.58904109589	0.630136986301	0.294117647059	0.666666666667	0.294117647059	0.703703703704	0.777777777778	0.182481751825	0.54347826087	0.182481751825	0.521739130435	0.54347826087	-9.56064236302	-9.50029919042	-9.07133968751	-8.70719919269	-10.0886802275	-11.0517786884	-10.1017838144	-11.2468410377	-137.766109712	-60.7048380753	-59.1382329309
142_A	1540	0.194805194805	0.643835616438	0.58904109589	0.630136986301	0.294117647059	0.666666666667	0.294117647059	0.703703703704	0.777777777778	0.182481751825	0.54347826087	0.182481751825	0.521739130435	0.54347826087	-9.560640268	-9.55833973575	-8.8932905838	-8.87191293869	-10.1587739464	-11.0517786884	-10.0316900955	-11.2468410377	-138.830704593	-60.7048380753	-58.9538327768
30_A	1550	0.201298701299	0.643835616438	0.602739726027	0.630136986301	0.294117647059	0.653846153846	0.294117647059	0.692307692308	0.769230769231	0.189781021898	0.553191489362	0.189781021898	0.553191489362	0.553191489362	-10.3258529038	-10.3267182224	-9.77814335764	-9.6554819387	-10.759069745	-11.0517786884	-10.702079613	-11.2468410377	-139.806551829	-60.797155947	-59.1298840085
149_A	1560	0.207792207792	0.643835616438	0.602739726027	0.630136986301	0.294117647059	0.653846153846	0.294117647059	0.692307692308	0.769230769231	0.197080291971	0.553191489362	0.197080291971	0.553191489362	0.553191489362	-10.1227312102	-10.5136377484	-9.9468610936	-9.52672398678	-10.829929327	-11.0517786884	-10.8646372156	-11.2468410377	-138.56305883	-60.797155947	-58.7346116383
97_A	1570	0.207792207792	0.643835616438	0.602739726027	0.616438356164	0.294117647059	0.653846153846	0.294117647059	0.692307692308	0.730769230769	0.197080291971	0.553191489362	0.197080291971	0.553191489362	0.553191489362	-10.4983299847	-10.4979640796	-9.91821676619	-9.9175343761	-10.8144561061	-11.0517786884	-10.8489635468	-11.2530765251	-138.09054199	-61.9399253091	-57.4053396051
137_A	1580	0.207792207792	0.630136986301	0.602739726027	0.616438356164	0.294117647059	0.615384615385	0.294117647059	0.692307692308	0.730769230769	0.197080291971	0.553191489362	0.197080291971	0.553191489362	0.553191489362	-10.2632886477	-10.3691429418	-9.92375561208	-9.92397585438	-10.7072098533	-10.9852732065	-10.8118117954	-11.2530765251	-139.415344015	-61.382382152	-57.4053396051
275_C	1590	0.207792207792	0.630136986301	0.602739726027	0.616438356164	0.294117647059	0.64	0.333333333333	0.72	0.76	0.197080291971	0.541666666667	0.191176470588	0.541666666667	0.541666666667	-10.2997791531	-10.2764981442	-10.0102665794	-10.0108946304	-10.7271006694	-11.0511209921	-10.7658182783	-11.2600050952	-144.718512437	-61.2051823029	-57.4715321612
10_A	1600	0.194805194805	0.630136986301	0.602739726027	0.616438356164	0.294117647059	0.64	0.277777777778	0.72	0.76	0.182481751825	0.541666666667	0.183823529412	0.541666666667	0.541666666667	-9.52265855518	-9.49102788187	-8.67812121713	-8.67777356345	-10.9343891194	-10.916621791	-10.8991295684	-11.2600050952	-137.500785204	-61.2051823029	-57.4715321612
132_A	1610	0.194805194805	0.630136986301	0.602739726027	0.616438356164	0.294117647059	0.64	0.277777777778	0.72	0.76	0.182481751825	0.541666666667	0.183823529412	0.541666666667	0.541666666667	-9.41227480816	-9.51830563202	-8.61543066545	-8.61529272215	-10.8956725249	-10.8564931579	-10.8956725249	-11.2600050952	-140.568556222	-60.6413095469	-57.1677876517
102_A	1620	0.181818181818	0.630136986301	0.602739726027	0.616438356164	0.235294117647	0.64	0.222222222222	0.72	0.76	0.175182481752	0.541666666667	0.176470588235	0.541666666667	0.541666666667	-8.88055379674	-9.53523402624	-8.62599661564	-8.62579365618	-10.9931202305	-11.1304250703	-10.9061734589	-11.2600050952	-139.326710254	-61.3612698228	-57.3365136425
214_B	1630	0.181818181818	0.630136986301	0.58904109589	0.616438356164	0.235294117647	0.64	0.222222222222	0.72	0.76	0.175182481752	0.541666666667	0.176470588235	0.520833333333	0.541666666667	-9.41163282449	-9.50010538223	-8.73691663928	-8.7365046746	-10.9061734589	-10.8422807249	-10.9931202305	-11.2600050952	-137.533053568	-61.1041925907	-57.3605798763
129_A	1640	0.201298701299	0.630136986301	0.58904109589	0.616438356164	0.235294117647	0.64	0.222222222222	0.72	0.76	0.197080291971	0.541666666667	0.198529411765	0.520833333333	0.541666666667	-9.68978008067	-9.55434612725	-8.73691663928	-8.73650467461	-10.9931202305	-10.9621853358	-11.0632139494	-11.2600050952	-137.730549099	-61.1419553802	-57.6581369999
4_A	1650	0.201298701299	0.630136986301	0.602739726027	0.616438356164	0.235294117647	0.64	0.222222222222	0.72	0.76	0.197080291971	0.541666666667	0.198529411765	0.541666666667	0.541666666667	-9.23674493425	-9.39450040305	-8.52599535754	-8.52565470938	-10.7822790169	-10.7936397141	-10.8523727359	-11.2600050952	-141.723301208	-61.1419553802	-57.6816738426
142_A	1660	0.201298701299	0.630136986301	0.602739726027	0.616438356164	0.235294117647	0.64	0.222222222222	0.72	0.76	0.197080291971	0.541666666667	0.198529411765	0.541666666667	0.541666666667	-9.42585324202	-9.42499560952	-8.52575831718	-8.41494369096	-10.8521352515	-10.8729437923	-10.8521352515	-11.2600050952	-139.142647315	-61.1419553802	-57.6816738426
145_A	1670	0.194805194805	0.630136986301	0.602739726027	0.616438356164	0.235294117647	0.64	0.222222222222	0.72	0.76	0.189781021898	0.541666666667	0.191176470588	0.541666666667	0.541666666667	-9.38059567445	-9.42499560951	-8.52575831719	-8.52541722506	-10.6252385264	-10.8729437923	-10.7820415326	-11.2600050952	-139.794629712	-60.8249747974	-57.6816738426
89_A	1680	0.194805194805	0.630136986301	0.602739726027	0.616438356164	0.235294117647	0.64	0.222222222222	0.72	0.76	0.189781021898	0.541666666667	0.191176470588	0.541666666667	0.541666666667	-9.24138513771	-9.2407861449	-8.52575831718	-8.52549170269	-10.8522097292	-10.4038535769	-10.6253101138	-11.2600050952	-138.460278203	-60.4109165265	-57.6816738426
127_A	1690	0.194805194805	0.616438356164	0.602739726027	0.616438356164	0.235294117647	0.64	0.222222222222	0.72	0.76	0.189781021898	0.541666666667	0.191176470588	0.541666666667	0.541666666667	-9.44616871716	-9.44548490931	-8.57216571799	-8.4615377721	-10.8306545934	-10.6183179324	-10.8306545934	-11.2600050952	-137.771281557	-59.2573339712	-57.9263386962
280_C	1700	0.201298701299	0.630136986301	0.616438356164	0.616438356164	0.235294117647	0.68	0.235294117647	0.76	0.76	0.197080291971	0.541666666667	0.197080291971	0.541666666667	0.541666666667	-9.43185686168	-9.27300288689	-8.57264623717	-8.46153777208	-10.8306545934	-10.8362036064	-10.9007483123	-11.2599959967	-137.215133624	-59.1902095049	-59.557964888
100_A	1710	0.201298701299	0.630136986301	0.616438356164	0.616438356164	0.235294117647	0.68	0.235294117647	0.76	0.76	0.197080291971	0.541666666667	0.197080291971	0.541666666667	0.541666666667	-9.26182471322	-9.2613405664	-8.44950680401	-8.44955757282	-10.6618679267	-10.8362015002	-10.7319622166	-11.2599959967	-139.76646374	-59.1902095049	-58.3505095198
145_A	1720	0.201298701299	0.630136986301	0.616438356164	0.630136986301	0.235294117647	0.68	0.235294117647	0.76	0.76	0.197080291971	0.5625	0.197080291971	0.541666666667	0.5625	-9.26182471322	-9.2613405664	-8.44950680401	-8.44955757283	-10.7319616456	-10.8362015002	-10.7319616456	-11.2599959967	-140.453079207	-59.1902095049	-59.3508818482
22_A	1730	0.214285714286	0.630136986301	0.616438356164	0.630136986301	0.294117647059	0.68	0.294117647059	0.76	0.76	0.204379562044	0.5625	0.204379562044	0.541666666667	0.5625	-9.27861015861	-9.27817939353	-8.4662922494	-8.46639582894	-10.7488004727	-10.8362015002	-10.7488004727	-11.2599959967	-137.211273888	-58.1219010204	-58.2069016108
5_A	1740	0.207792207792	0.630136986301	0.616438356164	0.630136986301	0.294117647059	0.652173913043	0.294117647059	0.782608695652	0.782608695652	0.197080291971	0.56	0.197080291971	0.54	0.56	-8.7291416194	-8.72881177965	-8.28184989347	-8.28132493461	-8.12445276139	-10.8362015002	-8.19454648031	-11.2599959967	-138.163876202	-58.1219010204	-58.2069016108
35_A	1750	0.207792207792	0.630136986301	0.616438356164	0.630136986301	0.294117647059	0.652173913043	0.294117647059	0.782608695652	0.782608695652	0.197080291971	0.56	0.197080291971	0.54	0.56	-8.88013379198	-8.71608666337	-8.38594935076	-8.26859981831	-8.27421638032	-10.8362015002	-8.34431009923	-11.2599959967	-139.878640414	-58.1219010204	-58.2069016108
102_A	1760	0.201298701299	0.630136986301	0.602739726027	0.630136986301	0.294117647059	0.652173913043	0.294117647059	0.782608695652	0.782608695652	0.189781021898	0.56	0.189781021898	0.52	0.56	-8.84330444076	-9.00646097957	-8.48113015552	-8.36372619408	-8.27694773978	-10.6412875384	-8.439436475	-11.2599959967	-138.270745669	-58.1219010204	-56.8022250317
275_C	1770	0.201298701299	0.630136986301	0.58904109589	0.616438356164	0.294117647059	0.652173913043	0.294117647059	0.739130434783	0.782608695652	0.189781021898	0.54	0.189781021898	0.52	0.54	-9.02757526665	-8.86364908507	-8.49235668246	-8.4917298433	-8.45128086112	-10.6501785165	-8.28878401565	-11.2598663551	-138.131387551	-57.9597637837	-56.4500943114
6_A	1780	0.194805194805	0.630136986301	0.58904109589	0.616438356164	0.294117647059	0.652173913043	0.294117647059	0.739130434783	0.782608695652	0.182481751825	0.54	0.182481751825	0.52	0.54	-8.86383817574	-9.02811387195	-8.4932979745	-8.49264901704	-8.45220003487	-10.6501785165	-8.38210467034	-11.2598663551	-138.174212511	-57.9597637837	-56.544035042
64_A	1790	0.194805194805	0.630136986301	0.58904109589	0.616438356164	0.294117647059	0.652173913043	0.294117647059	0.739130434783	0.782608695652	0.182481751825	0.54	0.182481751825	0.52	0.54	-9.02851655871	-9.02810736758	-8.49205099708	-8.37431181256	-8.45219353049	-10.8450924784	-8.21868476296	-11.2536177915	-139.075353634	-58.4620102041	-56.8971913805
112_A	1800	0.194805194805	0.630136986301	0.58904109589	0.616438356164	0.294117647059	0.652173913043	0.294117647059	0.739130434783	0.782608695652	0.182481751825	0.54	0.182481751825	0.52	0.54	-9.039953983	-9.03959195294	-8.5034884214	-8.38579639792	-8.30026306725	-10.8450924784	-8.46367843525	-11.2536177915	-140.435259118	-58.4620102041	-58.4562511055
237_C	1810	0.175324675325	0.630136986301	0.602739726027	0.616438356164	0.176470588235	0.652173913043	0.176470588235	0.782608695652	0.782608695652	0.175182481752	0.54	0.175182481752	0.52	0.54	-8.89687845721	-8.94877441983	-8.47279460917	-8.47201424708	-8.3134491084	-11.3044133238	-8.29441288629	-11.3263718365	-140.606477395	-59.6588017409	-58.6313344918
34_A	1820	0.188311688312	0.630136986301	0.602739726027	0.616438356164	0.176470588235	0.652173913043	0.176470588235	0.782608695652	0.782608695652	0.189781021898	0.54	0.189781021898	0.52	0.54	-8.90283382598	-8.90226632764	-8.42140849195	-8.42076372863	-8.31799851303	-11.3044133238	-8.26692661465	-11.3263718365	-141.452596313	-59.6588017409	-57.7543654085
63_A	1830	0.181818181818	0.630136986301	0.58904109589	0.616438356164	0.176470588235	0.652173913043	0.176470588235	0.739130434783	0.782608695652	0.182481751825	0.54	0.182481751825	0.52	0.54	-8.9693027547	-9.02128824822	-8.54516283024	-8.53959513177	-8.43702043358	-11.3044133238	-8.43702043358	-11.326180486	-140.318367875	-59.6588017409	-57.8594390054
2_A	1840	0.175324675325	0.630136986301	0.58904109589	0.616438356164	0.176470588235	0.652173913043	0.176470588235	0.739130434783	0.782608695652	0.175182481752	0.54	0.175182481752	0.52	0.54	-9.12746478808	-9.12726668583	-8.7164467948	-8.71593405848	-8.49219082689	-11.3044133238	-8.56228454581	-11.326180486	-141.924391529	-59.6588017409	-57.8594390054
123_A	1850	0.181818181818	0.630136986301	0.58904109589	0.616438356164	0.176470588235	0.652173913043	0.176470588235	0.739130434783	0.782608695652	0.182481751825	0.54	0.182481751825	0.52	0.54	-9.12807429337	-9.12787624443	-8.71705630011	-8.71654361708	-8.5339889217	-11.3044133238	-8.5339889217	-11.326180486	-138.710611644	-59.6588017409	-57.8594390054
5_A	1860	0.181818181818	0.630136986301	0.58904109589	0.616438356164	0.176470588235	0.652173913043	0.176470588235	0.739130434783	0.782608695652	0.182481751825	0.54	0.182481751825	0.52	0.54	-9.12807429341	-9.12787624443	-8.7170563001	-8.71654361708	-8.53398892171	-11.3044133238	-8.46389520279	-11.326180486	-139.586013155	-59.6588017409	-57.8594390054
273_C	1870	0.175324675325	0.630136986301	0.575342465753	0.602739726027	0.117647058824	0.652173913043	0.0625	0.695652173913	0.739130434783	0.182481751825	0.54	0.188405797101	0.52	0.54	-9.09554187197	-9.09534382302	-8.29236779103	-8.29190893139	-8.50145650029	-11.3044133238	-8.50145650029	-9.29009807876	-137.467989172	-59.6588017409	-58.1146853353
55_A	1880	0.188311688312	0.616438356164	0.575342465753	0.602739726027	0.176470588235	0.590909090909	0.125	0.681818181818	0.681818181818	0.189781021898	0.56862745098	0.195652173913	0.529411764706	0.56862745098	-9.90830337197	-9.90857671326	-9.11477149069	-9.1147766561	-8.98147864167	-11.2900864624	-8.91138492275	-9.29009807876	-139.616551316	-57.9422088009	-58.4504454227
18_A	1890	0.188311688312	0.616438356164	0.575342465753	0.602739726027	0.176470588235	0.590909090909	0.125	0.681818181818	0.681818181818	0.189781021898	0.56862745098	0.195652173913	0.529411764706	0.56862745098	-10.7103969561	-10.7103726784	-9.90756467816	-9.76844601823	-9.70594206986	-11.2900864624	-9.59226909318	-9.29009807876	-141.694827962	-57.9422088009	-58.4504454227
126_A	1900	0.188311688312	0.602739726027	0.575342465753	0.602739726027	0.176470588235	0.583333333333	0.125	0.666666666667	0.666666666667	0.189781021898	0.571428571429	0.195652173913	0.530612244898	0.571428571429	-10.3495612668	-10.3499018555	-10.4512291452	-10.4509110428	-9.37182827173	-11.7586127235	-9.37182827173	-9.29009807876	-141.509308523	-57.6397943096	-58.4504454227
102_A	1910	0.194805194805	0.602739726027	0.575342465753	0.602739726027	0.176470588235	0.583333333333	0.125	0.666666666667	0.666666666667	0.197080291971	0.571428571429	0.202898550725	0.530612244898	0.571428571429	-10.3497057302	-10.3500453483	-10.4513736086	-10.4510545357	-9.37197176454	-11.7850426677	-9.37197176454	-9.29009807876	-139.065641124	-58.4340777147	-58.4504454227
40_A	1920	0.194805194805	0.602739726027	0.575342465753	0.602739726027	0.176470588235	0.583333333333	0.125	0.666666666667	0.666666666667	0.197080291971	0.571428571429	0.202898550725	0.530612244898	0.571428571429	-10.3492434614	-10.3495830795	-10.4509113398	-10.4505922668	-9.37150949573	-11.5932459302	-9.37150949573	-9.29009807876	-137.756505663	-58.4340777147	-58.4504454227
68_A	1930	0.194805194805	0.602739726027	0.575342465753	0.602739726027	0.176470588235	0.583333333333	0.125	0.666666666667	0.666666666667	0.197080291971	0.571428571429	0.202898550725	0.530612244898	0.571428571429	-10.8629468465	-10.345301135	-10.4466264804	-10.4463103224	-9.29713383237	-11.7850426677	-9.29713383237	-9.29009807876	-141.499294239	-58.4340777147	-58.4504454227
102_A	1940	0.201298701299	0.602739726027	0.575342465753	0.602739726027	0.176470588235	0.583333333333	0.125	0.666666666667	0.666666666667	0.204379562044	0.571428571429	0.210144927536	0.530612244898	0.571428571429	-10.4049966712	-10.4053320067	-10.530216741	-10.5298897868	-9.42725842297	-11.7850426677	-9.42725842297	-9.29009807876	-140.325099022	-58.4340777147	-58.4504454227
47_A	1950	0.201298701299	0.602739726027	0.575342465753	0.602739726027	0.176470588235	0.583333333333	0.125	0.666666666667	0.666666666667	0.204379562044	0.571428571429	0.210144927536	0.530612244898	0.571428571429	-10.4050932522	-10.4054281059	-10.530313322	-10.5299858859	-9.35783451568	-11.7850426677	-9.4279282346	-9.29008304429	-143.361111094	-58.4340777147	-58.201779495
50_A	1960	0.201298701299	0.602739726027	0.575342465753	0.602739726027	0.176470588235	0.583333333333	0.125	0.666666666667	0.666666666667	0.204379562044	0.571428571429	0.210144927536	0.530612244898	0.571428571429	-10.356390982	-10.3567642656	-10.4580588604	-10.457773453	-9.37869213822	-11.7850426677	-9.37869213822	-9.29008304429	-139.629458677	-58.4340777147	-59.2256694116
87_A	1970	0.214285714286	0.602739726027	0.575342465753	0.602739726027	0.176470588235	0.583333333333	0.125	0.666666666667	0.666666666667	0.21897810219	0.571428571429	0.224637681159	0.530612244898	0.571428571429	-10.356390982	-10.3567642656	-10.4580588604	-10.457773453	-9.37869213822	-11.7850426677	-9.30859841931	-9.29008304429	-141.458028852	-58.4340777147	-59.2256694116
115_A	1980	0.214285714286	0.602739726027	0.575342465753	0.602739726027	0.176470588235	0.583333333333	0.125	0.666666666667	0.666666666667	0.21897810219	0.571428571429	0.224637681159	0.530612244898	0.571428571429	-10.3974350417	-10.3968851602	-10.0860338858	-10.4456949329	-9.36749456587	-11.0214734525	-9.36749456587	-9.29008304429	-140.395711295	-59.9363051182	-59.2256694116
27_A	1990	0.201298701299	0.602739726027	0.575342465753	0.602739726027	0.176470588235	0.583333333333	0.125	0.666666666667	0.666666666667	0.204379562044	0.571428571429	0.210144927536	0.530612244898	0.571428571429	-10.5742030564	-10.5733207375	-10.4078484312	-10.5770636143	-9.32851151451	-11.0214734525	-9.32851151451	-8.78693325439	-140.860937967	-59.9363051182	-60.2386062375
